-- Created at 23.1.2017 0:58 using David Grudl MySQL Dump Utility
-- MySQL Server: 5.5.49-0ubuntu0.14.04.1
-- Database: skvostrava

SET NAMES utf8;
SET SQL_MODE='NO_AUTO_VALUE_ON_ZERO';
SET FOREIGN_KEY_CHECKS=0;
-- --------------------------------------------------------

DROP TABLE IF EXISTS `funds`;

CREATE TABLE `funds` (
  `id` int(11) NOT NULL AUTO_INCREMENT,
  `fund_name` varchar(255) COLLATE utf8_czech_ci NOT NULL,
  `link` varchar(255) COLLATE utf8_czech_ci NOT NULL,
  `type` int(11) NOT NULL,
  `image_id` int(11) DEFAULT NULL,
  `order` int(11) NOT NULL DEFAULT '-1',
  PRIMARY KEY (`id`),
  KEY `image_id` (`image_id`),
  CONSTRAINT `funds_ibfk_1` FOREIGN KEY (`image_id`) REFERENCES `image` (`id`) ON DELETE NO ACTION
) ENGINE=InnoDB AUTO_INCREMENT=81 DEFAULT CHARSET=utf8 COLLATE=utf8_czech_ci;

INSERT INTO `funds` (`id`, `fund_name`, `link`, `type`, `image_id`, `order`) VALUES
(1,	'Krajský úřad Moravskoslezského kraje',	'https://moap.ostrava.cz/cs',	1,	153,	5),
(3,	'Statutární město Ostrava-městský obvod Moravská Ostrava a Přívoz',	'http://www.kr-moravskoslezsky.cz/',	1,	128,	3),
(4,	'Statutární město Ostrava - Poruba',	'http://www.moporuba.cz/cs/',	1,	157,	6),
(5,	'Město Klimkovice',	'http://www.mesto-klimkovice.cz/',	1,	156,	4),
(6,	'Magistrát města Karviná',	'http://www.karvina.cz/portal/page/portal/uvodni_stranka',	1,	155,	7),
(7,	'Statutární město Havířov',	'http://www.havirov-city.cz/',	1,	154,	9),
(8,	'Financováno z rozpočtu statutárního města Ostravy',	'http://www.ostrava.cz/cs',	1,	116,	8),
(9,	'Nadační fond AVAST',	'http://www.avast.com/cs-cz/foundation',	2,	127,	1),
(11,	'Nadace OKD',	'http://www.nadaceokd.cz/cs',	2,	127,	3),
(12,	'NF Generali',	'http://www.generali.cz/',	2,	130,	6),
(13,	'Lasvit',	'http://lasvitfoundation.com/',	2,	128,	4),
(14,	'http://www.rwe.cz/',	'http://www.rwe.cz/',	3,	109,	0),
(15,	'http://gmctech.cz/',	'http://gmctech.cz/',	3,	133,	1),
(16,	'http://www.bmwcartec.cz/',	'http://www.bmwcartec.cz/',	3,	127,	3),
(17,	'http://www.motorlucina.cz/cz/index.php',	'http://www.motorlucina.cz/cz/index.php',	3,	NULL,	0),
(18,	'http://www.secotools.com/cz',	'http://www.secotools.com/cz',	3,	NULL,	0),
(19,	'http://www.kovoklima.cz/',	'http://www.kovoklima.cz/',	3,	NULL,	0),
(20,	'http://www.strojirny.com/',	'http://www.strojirny.com/',	3,	129,	0),
(21,	'http://www.elkoplast.cz/',	'http://www.elkoplast.cz/',	3,	NULL,	0),
(22,	'http://emco.cz/',	'http://emco.cz/',	3,	136,	0),
(23,	'http://www.jagermeister.cz',	'http://www.jagermeister.cz',	3,	NULL,	0),
(24,	'http://www.konczanka.cz/',	'http://www.konczanka.cz/',	3,	NULL,	0),
(25,	'http://www.lesycr.cz/',	'http://www.lesycr.cz/',	3,	NULL,	0),
(26,	'http://www.nutrend.cz/',	'http://www.nutrend.cz/',	3,	NULL,	0),
(27,	'http://www.bonatrans.cz/',	'http://www.bonatrans.cz/',	3,	NULL,	0),
(28,	'http://www.cesky.porcelan.cz/',	'http://www.cesky.porcelan.cz/',	3,	NULL,	0),
(29,	'http://www.koop.cz/',	'http://www.koop.cz/',	3,	NULL,	0),
(30,	'http://www.lenzing.com/en',	'http://www.lenzing.com/en',	3,	NULL,	0),
(31,	'http://www.anect.com/cz',	'http://www.anect.com/cz',	3,	139,	2),
(32,	'http://www.printo.cz/',	'http://www.printo.cz/',	3,	NULL,	0),
(33,	'http://www.panter-praha.cz/',	'http://www.panter-praha.cz/',	3,	NULL,	0),
(34,	'http://www.nh-trans.cz/',	'http://www.nh-trans.cz/',	3,	NULL,	0),
(35,	'http://www.mgog.cz/',	'http://www.mgog.cz/',	3,	NULL,	0),
(36,	'http://www.fite.cz/',	'http://www.fite.cz/',	3,	NULL,	0),
(37,	'http://www.ppl.cz/',	'http://www.ppl.cz/',	3,	NULL,	0),
(38,	'http://www.hayes-lemmerz.com',	'http://www.hayes-lemmerz.com',	3,	NULL,	0),
(39,	'http://www.diagnostikastroju.cz/',	'http://www.diagnostikastroju.cz/',	3,	NULL,	0),
(40,	'http://www.tandemgroup.cz/',	'http://www.tandemgroup.cz/',	3,	NULL,	0),
(41,	'http://www.urspraha.cz/',	'http://www.urspraha.cz/',	3,	NULL,	0),
(42,	'http://www.cegelec.cz/',	'http://www.cegelec.cz/',	3,	NULL,	0),
(43,	'http://www.mohruska.cz/',	'http://www.mohruska.cz/',	3,	NULL,	0),
(44,	'http://www.satum.cz/',	'http://www.satum.cz/',	3,	NULL,	0),
(45,	'http://www.glass.cz/',	'http://www.glass.cz/',	3,	NULL,	0),
(46,	'http://www.alpisport.cz/',	'http://www.alpisport.cz/',	3,	NULL,	0),
(47,	'http://www.eurovia.cz/',	'http://www.eurovia.cz/',	3,	NULL,	0),
(48,	'http://www.syner.cz/',	'http://www.syner.cz/',	3,	NULL,	0),
(49,	'http://www.veba.cz/',	'http://www.veba.cz/',	3,	NULL,	0),
(50,	'http://www.albatrosmedia.cz/',	'http://www.albatrosmedia.cz/',	3,	NULL,	0),
(51,	'http://www.centr.cz/',	'http://www.centr.cz/',	0,	NULL,	0),
(71,	'pokusnice a dost',	'seznam.cz',	1,	122,	10),
(73,	'Nadace Charty 77',	'http://www.kontobariery.cz/nadace/Nadace-Charty-77.aspx',	2,	129,	5),
(74,	'Avast',	'http://www.avast.com/cs-cz/foundation',	2,	131,	2),
(76,	'nova dotace',	'www.seznam.cz',	1,	NULL,	-1),
(78,	'nova dotace',	'www.seznam.cz',	3,	NULL,	0),
(79,	'doptace pokus',	'seznam.cz',	1,	NULL,	-1),
(80,	'asdfasdf',	'',	2,	NULL,	-1);


-- --------------------------------------------------------

DROP TABLE IF EXISTS `image`;

CREATE TABLE `image` (
  `id` int(11) NOT NULL AUTO_INCREMENT,
  `photogallery_id` int(11) NOT NULL DEFAULT '-1',
  `name` varchar(255) COLLATE utf8_czech_ci NOT NULL,
  `format` varchar(5) COLLATE utf8_czech_ci NOT NULL,
  PRIMARY KEY (`id`),
  KEY `photogallery_id` (`photogallery_id`)
) ENGINE=InnoDB AUTO_INCREMENT=165 DEFAULT CHARSET=utf8 COLLATE=utf8_czech_ci;

INSERT INTO `image` (`id`, `photogallery_id`, `name`, `format`) VALUES
(8,	112,	'FD61450388845S5NIPg',	'jpg'),
(9,	105,	'lena1450388933yqlQm2',	'png'),
(10,	105,	'Earthfloor214503890025EggZ4',	'jpg'),
(13,	104,	'FD31450389470Jgxk5O',	'jpg'),
(16,	105,	'IMG-090614503915171P9U0z',	'JPG'),
(25,	102,	'IMG-72641450392201cK4BEx',	'jpg'),
(26,	2,	'IMG-72681450392201labEOb',	'jpg'),
(27,	102,	'IMG-72691450392201QLnS7P',	'jpg'),
(37,	82,	'DSCF25901450435362D2GFCL',	'jpg'),
(38,	84,	'DSCF25921450435363iMrEBv',	'jpg'),
(39,	119,	'DSCF259414504353631DejJf',	'jpg'),
(40,	84,	'DSCF25951450435363o0bY1Z',	'jpg'),
(41,	82,	'DSCF25961450435363FJPovK',	'jpg'),
(42,	1,	'DSCF25981450435363chvV7u',	'jpg'),
(43,	2,	'DSCF25991450435363bv9iZf',	'jpg'),
(44,	2,	'DSCF26011450435363qDMPZ0',	'jpg'),
(45,	2,	'DSCF26021450435363JP3p9L',	'jpg'),
(46,	112,	'DSCF26031450435363GdA4rx',	'jpg'),
(47,	82,	'DSCF26051450435363JFk1Ri',	'jpg'),
(67,	1,	'Fotografie-037-1452737016Er0A5z',	'JPG'),
(69,	104,	'Fotografie-027-1452737251Uh123b',	'JPG'),
(71,	105,	'Fotografie-025-1452737251yTQ0um',	'JPG'),
(72,	105,	'Fotografie-024-14527372515eDbcX',	'JPG'),
(73,	103,	'Fotografie-036-1452737897oWaV02',	'JPG'),
(74,	1,	'Fotografie-035-1452737897JvhGpR',	'JPG'),
(75,	101,	'Fotografie-034-14527378978umq6F',	'JPG'),
(76,	101,	'Fotografie-033-1452737897Bgeg5u',	'JPG'),
(77,	103,	'Fotografie-032-1452737897ccn1nk',	'JPG'),
(78,	2,	'Fotografie-032-1452737964Le5YMM',	'JPG'),
(79,	102,	'Fotografie-027-1452738013aFuudR',	'JPG'),
(80,	101,	'Fotografie-026-1452738073K1uvFE',	'JPG'),
(81,	104,	'Fotografie-022-1452738103UzVp0b',	'JPG'),
(82,	99,	'BOMBA1452739112xtnuYT',	'JPG'),
(83,	100,	'CARS6314527391121frSUW',	'JPG'),
(84,	119,	'IMG-56921452864062xuqDue',	'JPG'),
(85,	105,	'button1452864088I9lOQp',	'png'),
(86,	99,	'IMG-72401452864130o7ZZjr',	'jpg'),
(87,	96,	'IMG-72321452864130HgLKmS',	'jpg'),
(88,	96,	'IMG-72411452864130gN6nJj',	'jpg'),
(89,	99,	'IMG-09261452864140FwYbja',	'JPG'),
(90,	99,	'IMG-09081452864150VjsNbK',	'JPG'),
(91,	110,	'bilmem-nideyim1453672388TEeOyO',	'jpg'),
(92,	105,	'bilmem-nideyim1453672418ZVjlGn',	'jpg'),
(93,	-1,	'bilmem-nideyim1453672456GlhYew',	'jpg'),
(94,	105,	'bilmem-nideyim1453672652WZoYXf',	'jpg'),
(95,	121,	'bilmem-nideyim14536727337eq7ig',	'jpg'),
(96,	105,	'bilmem-nideyim1453672806KsO1U4',	'jpg'),
(97,	105,	'bilmem-nideyim1453672844oOfkIi',	'jpg'),
(98,	110,	'bilmem-nideyim1453673212K8RVph',	'jpg'),
(99,	103,	'bilmem-nideyim1453673318EvlTne',	'jpg'),
(100,	-1,	'bilmem-nideyim1453673505lfDRX4',	'jpg'),
(101,	-1,	'bilmem-nideyim1453673531bC63rQ',	'jpg'),
(102,	110,	'bilmem-nideyim14536735348OAAPq',	'jpg'),
(103,	2,	'bilmem-nideyim1453673549uCu2wN',	'jpg'),
(104,	-1,	'bilmem-nideyim1453673584KeoiNF',	'jpg'),
(105,	-1,	'bilmem-nideyim1453673765svkDDV',	'jpg'),
(106,	-1,	'bilmem-nideyim1453673892fIBLak',	'jpg'),
(107,	105,	'maringotka-pudorys11453675283gnIBhc',	'png'),
(108,	-1,	'maringotka-pudorys11453675304ixxcTE',	'png'),
(109,	-1,	'slovanske-obydli1453676174n9H3QG',	'png'),
(110,	105,	'pozemekVymera1453676389YoNPaG',	'png'),
(111,	110,	'maringotka-pudorys1453676506OdKE7s',	'png'),
(112,	-1,	'bilmem-nideyim1453676529mqj6LU',	'jpg'),
(113,	-1,	'bilmem-nideyim1453676647PQlyTB',	'jpg'),
(114,	-1,	'bilmem-nideyim1453676710N0svZK',	'jpg'),
(115,	-1,	'pozemekCislo1453677716oP2oe6',	'png'),
(116,	121,	'maringotka-pudorys11453678214RDxpw3',	'png'),
(117,	121,	'slovanske-obydli1453678552AAsuHg',	'png'),
(118,	-1,	'slovanske-obydli14536785658O72bx',	'png'),
(119,	-1,	'maringotka-pudorys114536786479pJy4a',	'png'),
(120,	103,	'maringotka-pudorys11453678724HCZiDS',	'png'),
(121,	-1,	'maringotka-pudorys114536789666fXlcs',	'png'),
(122,	-1,	'maringotka-pudorys11453679020J5Z2g2',	'png'),
(123,	-1,	'maringotka-pudorys11453679111S8hsmX',	'png'),
(124,	-1,	'maringotka-pudorys11453679239WGFv8x',	'png'),
(125,	-1,	'pozemek1455139245mpAR84',	'png'),
(126,	-1,	'pozemek1455139381udCbnv',	'png'),
(127,	-1,	'Nadace-OKD1455406832M4a8Tn',	'jpg'),
(128,	-1,	'Partner-logo-LASVIT-b1455406833XcAJRG',	'jpg'),
(129,	-1,	'Nadace-Charty-771455406833sFpyf0',	'jpg'),
(130,	-1,	'NF-Generali-logo-20141455406833BqCm1j',	'jpg'),
(131,	-1,	'FOND-AVAST1455406833EopifE',	'png'),
(132,	-1,	'Konczanka-logo-2010-2-1455407618PJ7Lxb',	'jpg'),
(133,	-1,	'ALBATROS-MEDIA-CMYK1455407618cSoGXA',	'jpg'),
(134,	-1,	'centr1455407618lLNmI0',	'png'),
(135,	-1,	'Mirop1455407619yGqoTr',	'jpg'),
(136,	-1,	'Alpisport11455407619zbXErT',	'jpg'),
(137,	-1,	'Jagermeister11455407619S3Xisl',	'jpg'),
(138,	-1,	'Kovo-Nerez11455407619bmAhQN',	'jpg'),
(139,	-1,	'Lesy-CR14554076198avtxg',	'jpg'),
(140,	-1,	'EMCO-refresh-LOGO-small1455407619pKKLzJ',	'jpg'),
(141,	-1,	'CarTec-Group1455407619a3hUVc',	'jpg'),
(142,	-1,	'menici-logo231455407619lvT2vG',	'png'),
(143,	-1,	'menici-logo2114554076204KKmab',	'png'),
(144,	-1,	'menici-logo1414554076203MYpFG',	'png'),
(145,	-1,	'menici-logo111455407620MgkQGc',	'png'),
(146,	-1,	'image0031455407621fKjmoJ',	'gif'),
(147,	-1,	'menici-logo121455407621AXu3qg',	'png'),
(148,	-1,	'RWE1455407621BMBrsO',	'jpg'),
(149,	-1,	'menici-logo171455407621QohVVm',	'png'),
(150,	-1,	'cesky-porcelan1455407622LWe1YV',	'jpg'),
(151,	-1,	'logo-Elkoplast-RGB-nahled-72DPI1455407622E9Yrtv',	'jpg'),
(152,	-1,	'menici-logo21455408570j9qyLL',	'png'),
(153,	-1,	'menici-logo11455408570UsHV5k',	'png'),
(154,	-1,	'menici-logo81455408571ryar1U',	'png'),
(155,	-1,	'menici-logo71455408571oXAHjv',	'png'),
(156,	-1,	'menici-logo61455408571FQ5of6',	'png'),
(157,	-1,	'menici-logo51455408571O9oEMH',	'png'),
(158,	-1,	'menici-logo41455408572T6mTTj',	'png'),
(159,	-1,	'menici-logo31455408572meeozW',	'png'),
(160,	-1,	'IMG-373814562537790KsHII',	'JPG'),
(161,	-1,	'IMG-373814562538570v40fe',	'JPG'),
(162,	-1,	'IMG-31581456254274Cum5Vs',	'JPG'),
(163,	-1,	'IMG-64351456254408a5GCiJ',	'JPG'),
(164,	-1,	'IMG-20150215-0806201456273227qRdtNu',	'jpg');


-- --------------------------------------------------------

DROP TABLE IF EXISTS `pages`;

CREATE TABLE `pages` (
  `id` int(11) NOT NULL AUTO_INCREMENT,
  `alias` varchar(100) COLLATE utf8_czech_ci NOT NULL,
  `title` varchar(255) COLLATE utf8_czech_ci NOT NULL,
  `content` text COLLATE utf8_czech_ci NOT NULL,
  `last_edit` timestamp NOT NULL DEFAULT CURRENT_TIMESTAMP ON UPDATE CURRENT_TIMESTAMP,
  `photogallery_id` int(11) DEFAULT NULL,
  PRIMARY KEY (`id`),
  KEY `alias` (`alias`),
  KEY `photogallery_id` (`photogallery_id`),
  CONSTRAINT `pages_ibfk_1` FOREIGN KEY (`photogallery_id`) REFERENCES `photogallery` (`gallery_id`)
) ENGINE=InnoDB AUTO_INCREMENT=13 DEFAULT CHARSET=utf8 COLLATE=utf8_czech_ci;

INSERT INTO `pages` (`id`, `alias`, `title`, `content`, `last_edit`, `photogallery_id`) VALUES
(1,	'o-nas',	'O nás',	'<p>V&iacute;t&aacute;me V&aacute;s na str&aacute;nk&aacute;ch Sportovn&iacute;ho klubu voz&iacute;čk&aacute;řů Ostrava, spolek . Sportovn&iacute; klub voz&iacute;čk&aacute;řů Ostrava (SKV) vznikl v roce 1994 a nav&aacute;zal č&aacute;stečně na činnost odd&iacute;lu TJ Meta Hrabyně. SKV Ostrava m&aacute; k dne&scaron;n&iacute;mu dni 30 členů. D&aacute; se ř&iacute;ct, že klub je v&scaron;estranně zaměřen&yacute;. V oblasti sportu se specializuje předev&scaron;&iacute;m na stoln&iacute; tenis handicapovan&yacute;ch sportovců, d&aacute;le poř&aacute;d&aacute; odborn&eacute; semin&aacute;ře z oblasti rehabilitace, zdravotnictv&iacute; a soci&aacute;ln&iacute; sf&eacute;ry.</p>\n<p>Odd&iacute;l několikr&aacute;t ročně poř&aacute;d&aacute; v&iacute;kendov&eacute; sportovn&iacute; soustředěn&iacute;, kter&eacute; je určeno předev&scaron;&iacute;m handicapovan&yacute;m hr&aacute;čům. Tato setk&aacute;n&iacute; se pravidelně kon&aacute; v arealu TJ Ostrava, V&aacute;renska 40a . Aby takov&aacute; to akce mohla proběhnout, je vhodn&eacute;, aby objekt i okol&iacute; vyhovovalo potřeb&aacute;m handicapovan&yacute;ch lid&iacute;. Soustředěn&iacute; se &uacute;častn&iacute; hr&aacute;či SKV Ostrava, sportovci z jin&yacute;ch odd&iacute;lů a reprezentanti ČR. Tak&eacute; zde zav&iacute;taj&iacute; mlad&iacute; zač&iacute;naj&iacute;c&iacute; hr&aacute;či, aby si ověřili sv&eacute; schopnosti. Tr&eacute;ninky prob&iacute;haj&iacute; dvouf&aacute;zově. Př&iacute;tomni jsou i sparing partneři z jin&yacute;ch sportovn&iacute;ch odd&iacute;lů. Sportovci maj&iacute; k dispozici odborn&yacute; rehabilitačn&iacute; person&aacute;l a fyzioterapeuta.</p>\n<p>Pro handicapovan&eacute; lidi z Ostravy a okol&iacute; SKV Ostrava jednou ročně poř&aacute;d&aacute; rekondičn&iacute; pobyt, kter&yacute; je zaměřen předev&scaron;&iacute;m na rehabilitaci, na předn&aacute;&scaron;ky o zdrav&eacute;m životn&iacute;m stylu, zabrous&iacute; se i do soci&aacute;ln&iacute; sf&eacute;ry, aby klienti byli průběžně informovan&iacute; o novink&aacute;ch a změn&aacute;ch v soci&aacute;ln&iacute; politice.</p>\n<p>Stalo se tradic&iacute;, že Sportovn&iacute; klub voz&iacute;čk&aacute;řů Ostrava poř&aacute;d&aacute; Mistrovstv&iacute; Česk&eacute; republiky ve stoln&iacute;m tenise voz&iacute;čk&aacute;řů. &Uacute;častnici jsou nominov&aacute;ni na z&aacute;kladě dev&iacute;ti nominačn&iacute;ch turnajů, kter&eacute; se konaj&iacute; během roku v nejrůzněj&scaron;&iacute;ch městech ČR jako Česk&yacute; poh&aacute;r. Na reprezentanty dohl&iacute;ž&iacute; během z&aacute;pasů takt&eacute;ž l&eacute;kařsk&yacute; a rehabilitačn&iacute; person&aacute;l.</p>\n<p>&nbsp;</p>',	'2016-02-24 00:50:26',	NULL),
(3,	'contact',	'Kontakt',	'<p><strong>Veden&iacute; klubu:</strong></p>\r\n<p>Radek Skyba &ndash; předseda klubu</p>\r\n<p>Ale&scaron; Ad&aacute;mek &ndash; m&iacute;stopředseda</p>\r\n<p>Be&aacute;ta Mentznerov&aacute; &ndash; m&iacute;stopředseda</p>\r\n<p>Anton&iacute;n Hora - m&iacute;stopředseda</p>\r\n<p>&nbsp;</p>\r\n<p><strong> Adresa:</strong></p>\r\n<p><strong style=\"mso-bidi-font-weight: normal;\"><span style=\"font-size: 12.0pt; font-family: \'Times New Roman\',\'serif\'; mso-fareast-font-family: \'Times New Roman\'; mso-ansi-language: CS; mso-fareast-language: CS; mso-bidi-language: AR-SA;\">Sportovn&iacute; klub voz&iacute;čk&aacute;řů Ostrava, spolek</span></strong></p>\r\n<p>Ostrava, Moravsk&aacute; Ostrava a Př&iacute;voz, V&aacute;renska 3098/40a</p>\r\n<p>&nbsp;</p>\r\n<p><strong> E-mail:</strong> skv.ostrava@seznam.cz</p>\r\n<p><strong>Mobil:</strong> +420 603 162 933</p>\r\n<p><strong>IČ:</strong> 63025582</p>\r\n<p><strong>Bankovn&iacute; spojen&iacute;:</strong> ČSOB Ostrava</p>\r\n<p><strong>Č&iacute;slo &uacute;čtu:</strong> 102261885/0300</p>',	'0000-00-00 00:00:00',	NULL),
(4,	'ostatni-akce',	'Ostatní akce',	'<p>Bla bla bla. Lorem ipsum dolor sit amet...</p>',	'2015-12-17 14:56:08',	NULL),
(5,	'projekty-eu',	'Projekty EU',	'<p>projektytttttt</p>\n<p>kde se uvididd</p>\n<p>adfga</p>\n<p>dfgsdfgs</p>\n<p>fgfgh</p>',	'0000-00-00 00:00:00',	NULL),
(6,	'actions-skv',	'Akce SKV',	'<p>asdgadfsgf</p>',	'0000-00-00 00:00:00',	NULL),
(7,	'MCR-2012',	'Mistrovstvi 2012',	'<center><strong>Propozice na M-ČR jednotlivců ve stolním tenise vozíčkářů<br>Ostrava<br>31. 5.–3. 6. 2012</strong></center>\r\n<br>\r\n<img src=\"bg/Plakat_2012.jpg\" width=\"510\" alt=\"\" />\r\n<br />\r\n<strong>Pořadatel:</strong><br />\r\nSportovní klub vozíčkářů Ostrava ve spolupráci TJ Mitttal Ostrava<br />\r\n<br />\r\n<strong>Datum konání:</strong><br />\r\n31. 5.–3. 6. 2012                   <br />\r\n<br />\r\n<strong>Místo konání:</strong><br />\r\nHala TJ Mittal Ostrava, Varenská 40 a<br />\r\n<br />\r\n<strong>Uzávěrka přihlášek:</strong><br />\r\nNejpozději do 25. května 2012 na adresu Zdeněk Jedlička, Chrpová 536/2B, 736 01 Havířov,  tel.: 777 345 701, jedlicka.skv@seznam.cz nebo v elektronické podobě na stránkách<br /> \r\nwww.skvostrava.cz<br />\r\n<br />\r\n<strong>Prezentace:</strong><br />\r\n31. května 2012, 14:00–18:00 hod. v areálu TJ Mittal Ostrava, klubovna č. 59<br />\r\n<br />\r\n<strong>Startovné:</strong><br />\r\nhráči 550 Kč, doprovod 550 Kč (pouze pro kvadru TT - 1 a hráče mladší 18 let),<br />\r\nostatní doprovody platí náklady v plné výši 2 000 Kč<br />\r\n<br />\r\n<strong>Cestovné:</strong><br />\r\nNebude hrazeno<br />\r\n<br />\r\n<strong>Ubytování:</strong><br />\r\nZajistí pořadatel v areálu herny TJ Mittal Ostrava<br />\r\n<br />\r\n<strong>Stravování:</strong><br />\r\nZajistí pořadatel v areálu herny TJ Mittal Ostrava, klubovna č. 59<br />\r\n<br />\r\n<strong>Soutěže:</strong><br />\r\n1. Jednotlivkyně ženy TT 3 – 5 (para)<br />\r\n2. Jednotlivci muži TT 1 – 2 (kvadru)<br />\r\n3. Jednotlivci muži TT 3 – 5 (para). Každý s každým.<br />\r\n4. Čtyřhra Open. Na dvě porážky.<br />\r\n5. Dvoučlenná družstva Open. Na dvě porážky.<br />\r\n6. Open. Vyřazovací KO.<br />\r\n<br />\r\nSoutěže jednotlivci ženy TT 3 – 5 (para) a jednotlivci kvadru TT 1 – 2  (kvadru) se sloučí<br /> \r\ndo jedné skupiny (z důvodů nižšího počtu účastníků). Hrát bude každý s každým a na<br />\r\nzákladě výsledků se vyhodnotí jednotlivé kategorie.<br />\r\n<br />\r\n<strong>Losování soutěží:</strong><br />\r\n31. května 2012  v 19:00 hod. v areálu TJ Mittal Ostrava, klubovna č. 59<br />\r\n<br />\r\n<strong>Podmínky nominace:</strong><br />\r\nMohou se zúčastnit všichni hráči, kteří se na toto M-ČR nominují. Nominace vychází z žebříčku k 31. 12. 2011, který byl schválen zástupci oddílu. A zašlou do termínu uzávěrky svoji přihlášku na výše uvedenou adresu. Po příjezdu se budou řádně prezentovat a zaplatí startovné.<br />\r\n<br />\r\n<strong>Začátek  soutěží:</strong><br />\r\nPátek – 1. června 2012 od 9:00 do 19:00 hod.<br /> \r\nSobota – 2. června 2012 od 9:00 do 17:00 hod.<br />\r\n<br /> \r\n<strong>Pravidla:</strong><br />\r\nHraje se podle platných pravidel stolního tenisu pro vozíčkáře. Na zasedání STK 11.11. 2006 v Brně byl schválen tento hrací systém. Trenér reprezentace ČR je oprávněn určit složení dvojic v kategoriích družstva Open, čtyřhra Open dle svého uvážení.<br />\r\n<br />\r\n<strong>Míčky:</strong><br />\r\n*** DHS Double Happiness Sports<br />\r\n<br />\r\n<strong>Protesty:</strong><br />\r\nPodávají se hlavnímu rozhodčímu do 15 min. po ukončení jednotlivých utkání,<br /> \r\ns poplatkem 500 Kč.<br />\r\n<br />\r\n<strong>Ceny:</strong><br />\r\nHráči na prvních třech místech obdrží medaile, diplomy a ceny.<br />\r\n<br />\r\n<strong>Závěrečná ustanovení:</strong><br />\r\nPořadatel si vyhrazuje právo vyhlásit doplňky k jednotlivým statím, nejpozději před zahájením soutěží.<br />\r\nVšichni účastníci jsou povinni dodržet ustanovení, předpisy a bezpečnostní opatření po celou dobu trvání soutěže ve všech prostorách a dbát pokynů pořadatelů.<br />\r\nV případě neúčasti nominovaného hráče bez vážných příčin, je vysílající, TJ (SK) povinna uhradit pořadateli vzniklé výdaje v plné výši.<br />\r\nHráči se zúčastňují Mistrovství České republiky na vlastní nebezpečí.<br />\r\nPropozice nabývají platnosti dnem odeslání nominovaným účastníkům MČR ve stolním tenise vozíčkářů to je 2. 4. 2012.<br />\r\n<br />\r\n',	'0000-00-00 00:00:00',	NULL),
(8,	'MCR-2013',	'Mistrovstvi 2013',	'<center><strong>Mistrovstv&iacute; ČR ve stoln&iacute;m tenise vozičk&aacute;řů<br />Ostrava<br />16.5.-19.5.2013</strong></center>\r\n<p>&nbsp;</p>\r\n<h3>Materi&aacute;ly ke stažen&iacute;</h3>\r\n<p><a href=\"downloads/V&yacute;sledky MČR 2013.xls\">V&yacute;sledky ke stažen&iacute;</a> | <a href=\"downloads/Brozura A5_2013_final.pdf\">Brožura</a></p>\r\n<p>&nbsp;</p>\r\n<h3>Fotografie</h3>\r\n<p>&nbsp;</p>',	'0000-00-00 00:00:00',	NULL),
(9,	'MCR-2014',	'Mistrovstvi 2014',	'<center><strong>Mistrovstv&iacute; ČR ve stoln&iacute;m tenise vozičk&aacute;řů<br />Ostrava<br />22.-25. května 2014</strong></center>\r\n<p class=\"MsoNormal\"><span lang=\"CS\" style=\"font-family: \'Arial\',\'sans-serif\';\">&nbsp;</span></p>\r\n<p class=\"MsoNormal\"><span lang=\"CS\" style=\"font-family: \'Arial\',\'sans-serif\';\">Ve dnech 23. - 24. 5. 2014 proběhl ve sportovn&iacute;m are&aacute;lu Tělov&yacute;chovn&eacute; jednoty Ostrava na Varensk&eacute; ulici v&nbsp;Moravsk&eacute; Ostravě jubilejn&iacute; 20. ročn&iacute;k <strong>Mistrovstv&iacute; ČR ve stoln&iacute;m tenise voz&iacute;čk&aacute;řů.</strong> Turnaj poř&aacute;d&aacute; nepřetržitě v&nbsp;řadě za sebou od roku 1995 Sportovn&iacute; klub voz&iacute;čk&aacute;řů Ostrava. </span></p>\r\n<p class=\"MsoNormal\"><span lang=\"CS\" style=\"font-family: \'Arial\',\'sans-serif\';\">Leto&scaron;n&iacute;ho jubilejn&iacute;ho 20. ročn&iacute;ku Mistrovstv&iacute; ČR v Ostravě se z&uacute;častnilo 24 hr&aacute;čů <br /> 12 mužů v kategorii para (postižen&iacute; doln&iacute;ch končetin), 6 mužů v kategorii kvadru (postižen&iacute; doln&iacute;ch i horn&iacute;ch končetin) a 6 žen bez rozd&iacute;lu postižen&iacute;.</span></p>\r\n<p class=\"MsoNormal\"><span lang=\"CS\" style=\"font-family: \'Arial\',\'sans-serif\';\">Mistrovstv&iacute; bylo poř&aacute;d&aacute;no pod z&aacute;&scaron;titou n&aacute;městkyně hejtmana Moravskoslezsk&eacute;ho kraje pan&iacute; Mgr. Věry P&aacute;lkov&eacute;.</span></p>\r\n<p class=\"MsoNormal\"><span lang=\"CS\" style=\"font-family: \'Arial\',\'sans-serif\';\">Odd&iacute;l SKV Ostrava je zapojen do projektu Ostrava evropsk&eacute; město sportu, ve kter&eacute;m ostrav&scaron;t&iacute; sportovci prezentuj&iacute; sport pro nej&scaron;ir&scaron;&iacute; veřejnosti.</span></p>\r\n<p class=\"MsoNormal\"><span lang=\"CS\" style=\"font-family: \'Arial\',\'sans-serif\';\">A pr&aacute;vě v&nbsp;r&aacute;mci tohoto projektu jsme chtěli veřejnosti uk&aacute;zat, že i sport voz&iacute;čk&aacute;řů m&aacute; v&nbsp;Ostravě sv&eacute; pevn&eacute; m&iacute;sto. Hlavn&iacute; č&aacute;st&iacute; bylo samozřejmě Mistrovstv&iacute; ČR, na kter&eacute; se nominovali nejlep&scaron;&iacute; hr&aacute;či u n&aacute;s.&nbsp; Soutěže hran&eacute; syst&eacute;mem každ&yacute; s&nbsp;každ&yacute;m jsou muži para, muži kvadru a ženy hraj&iacute;c&iacute; bez rozd&iacute;lu postižen&iacute;. Dal&scaron;&iacute; tři soutěže, tedy Open, dvoučlenn&aacute; družstva Open a čtyřhra Open se hraj&iacute; div&aacute;cky zaj&iacute;mavěj&scaron;&iacute;m, vyřazovac&iacute;m způsobem. Po oba dva dny, tedy v&nbsp;p&aacute;tek 23. května a sobotu 24. května předvedli hr&aacute;či nejlep&scaron;&iacute; v&yacute;kony, jak&eacute; je možn&eacute; v&nbsp;tomto sportu předv&eacute;st.</span></p>\r\n<p class=\"MsoNormal\"><span lang=\"CS\" style=\"font-family: \'Arial\',\'sans-serif\';\">Tak&eacute; byl připraven doprovodn&yacute; program, ve kter&eacute;m jsme chtěli veřejnost sezn&aacute;mit se v&scaron;&iacute;m, co ke stoln&iacute;mu tenisu voz&iacute;čk&aacute;řů patř&iacute;. Na jednom hrac&iacute;m stole byl připraven robot, kter&yacute; je skvělou pomůckou pro zač&iacute;naj&iacute;c&iacute; hr&aacute;če. Je to př&iacute;stroj, kter&yacute; dok&aacute;že m&iacute;ček vr&aacute;tit s&nbsp;požadovanou rotac&iacute; nebo rychlost&iacute;. Podle toho co dan&yacute; hr&aacute;č potřebuje předev&scaron;&iacute;m potr&eacute;novat. Asistovali při tom hr&aacute;či a hr&aacute;čky na&scaron;eho klubu, kteř&iacute; se nominovali na MČR. Z&aacute;jemcům odpov&iacute;dali jak&eacute;koli dotazy, ať už se jednalo o stoln&iacute; tenis jako takov&yacute;, kter&yacute; je skvěl&yacute;m sportem pro lidi na voz&iacute;ku nebo třeba co je n&aacute;pln&iacute; na&scaron;&iacute; sportovn&iacute; sez&oacute;ny. V&nbsp;r&aacute;mci tohoto programu bylo opravdu možn&eacute; se dozvědět a zkusit cokoli, co souvis&iacute; s&nbsp;t&iacute;mto sportem.</span></p>\r\n<p class=\"MsoNormal\" style=\"margin-bottom: .0001pt;\"><span lang=\"CS\" style=\"font-family: \'Arial\',\'sans-serif\';\">A nyn&iacute; p&aacute;r postřehů ze samotn&eacute;ho průběhu Mistrovstv&iacute;:</span></p>\r\n<p class=\"MsoNormal\" style=\"margin-bottom: .0001pt;\"><span lang=\"CS\" style=\"font-family: \'Arial\',\'sans-serif\';\">Podle někter&yacute;ch n&iacute;že uveden&yacute;ch v&yacute;sledků se může nezasvěcen&yacute; domn&iacute;vat, že karty byly rozd&aacute;ny již před turnajem samotnou nominac&iacute;. Skutečnost mnoha zvraty a někter&yacute;mi v&yacute;měnami v z&aacute;pasech uk&aacute;zala, že sport, hran&yacute; &bdquo;mal&yacute;m kulat&yacute;m nesmyslem&ldquo;, dovede těmito kartami hodně zam&iacute;chat.</span></p>\r\n<p class=\"MsoNormal\" style=\"margin-bottom: .0001pt;\"><span lang=\"CS\" style=\"font-family: \'Arial\',\'sans-serif\';\">Např&iacute;klad z Evropy stř&iacute;brn&yacute; Jirka Such&aacute;nek nena&scaron;el zbraň proti vysok&yacute;m m&iacute;čkům Martina Zvol&aacute;nka hran&yacute;m těsně za s&iacute;ťku.</span></p>\r\n<p class=\"MsoNormal\" style=\"margin-bottom: .0001pt;\"><span lang=\"CS\" style=\"font-family: \'Arial\',\'sans-serif\';\">Dal&scaron;&iacute;m zaj&iacute;mav&yacute;m mačem byl fin&aacute;lov&yacute; z&aacute;pas ve čtyřhře Open mezi dvojicemi Jirka Such&aacute;nek a Ren&eacute; Tau&scaron; z&nbsp;SKST Liberec a Karel Zmrzl&yacute; a Vladim&iacute;r Kadl&iacute;k z SK Moravia Brno. V&yacute;sledkem by se mohl z&aacute;pas řadit k těm jednoznačn&yacute;m, ale opak byl pravdou. Byla to n&aacute;dhern&aacute; bitva až do posledn&iacute;ho m&iacute;čku</span></p>\r\n<p class=\"MsoNormal\" style=\"margin-bottom: .0001pt;\"><span lang=\"CS\" style=\"font-family: \'Arial\',\'sans-serif\';\">Souboje žen jsme v&scaron;ichni sledovali i herně. Bylo na co se koukat.</span></p>\r\n<p class=\"MsoNormal\"><span lang=\"CS\" style=\"font-family: \'Arial\',\'sans-serif\';\">Jubilejn&iacute; 20. ročn&iacute;k Mistrovstv&iacute; se povedl po v&scaron;ech str&aacute;nk&aacute;ch. Hr&aacute;či si zahr&aacute;li a užili si kr&aacute;sn&eacute; dny v Ostravě.</span></p>\r\n<p class=\"MsoNormal\"><span lang=\"CS\" style=\"font-family: \'Arial\',\'sans-serif\';\">Po skončen&iacute; soutěž&iacute; v sobotu 24. 5. 2014 byly před&aacute;ny ceny těm nejlep&scaron;&iacute;m. Po před&aacute;n&iacute; cen n&aacute;m zatančili tanečn&iacute;ci lidov&eacute;ho souboru Beseda, pak předvedli sv&eacute; uměn&iacute; bojovn&iacute;ci Aikido a z&aacute;věr večera patřil skupině Gusty Vom&aacute;čky Worčestra.</span></p>\r\n<p class=\"MsoNormal\"><span lang=\"CS\" style=\"font-family: \'Arial\',\'sans-serif\';\">V&yacute;sledky jednotliv&yacute;ch soutěž&iacute;:</span></p>\r\n<p class=\"MsoNormal\" style=\"margin-bottom: .0001pt;\"><span lang=\"CS\" style=\"font-family: \'Arial\',\'sans-serif\';\">Jednotlivci ženy:</span></p>\r\n<ol style=\"margin-top: 0cm;\" start=\"1\" type=\"1\">\r\n<li class=\"MsoNormal\" style=\"margin-bottom: .0001pt; mso-list: l2 level1 lfo1;\"><span lang=\"CS\" style=\"font-family: \'Arial\',\'sans-serif\';\">Spomenka Habět&iacute;nkov&aacute; Tomič (SKV Pardubice Nezlomeni)</span></li>\r\n<li class=\"MsoNormal\" style=\"margin-bottom: .0001pt; mso-list: l2 level1 lfo1;\"><span lang=\"CS\" style=\"font-family: \'Arial\',\'sans-serif\';\">Be&aacute;ta Mentznerov&aacute; (SKV Ostrava)</span></li>\r\n<li class=\"MsoNormal\" style=\"margin-bottom: .0001pt; mso-list: l2 level1 lfo1;\"><span lang=\"CS\" style=\"font-family: \'Arial\',\'sans-serif\';\">Barbora &Scaron;těp&aacute;nkov&aacute; (SKV Ostrava)</span></li>\r\n</ol>\r\n<p class=\"MsoNormal\" style=\"margin-bottom: .0001pt;\"><span lang=\"CS\" style=\"font-family: \'Arial\',\'sans-serif\';\">Jednotlivci muži - kvadru:</span></p>\r\n<ol style=\"margin-top: 0cm;\" start=\"1\" type=\"1\">\r\n<li class=\"MsoNormal\" style=\"margin-bottom: .0001pt; mso-list: l4 level1 lfo2;\"><span lang=\"CS\" style=\"font-family: \'Arial\',\'sans-serif\';\">Martin Zvol&aacute;nek (SKV Ostrava)</span></li>\r\n<li class=\"MsoNormal\" style=\"margin-bottom: .0001pt; mso-list: l4 level1 lfo2;\"><span lang=\"CS\" style=\"font-family: \'Arial\',\'sans-serif\';\">Jiř&iacute; Such&aacute;nek (SKST Liberec)</span></li>\r\n<li class=\"MsoNormal\" style=\"margin-bottom: .0001pt; mso-list: l4 level1 lfo2;\"><span lang=\"CS\" style=\"font-family: \'Arial\',\'sans-serif\';\">Tom&aacute;&scaron; Přibyl (SKST Liberec)</span></li>\r\n</ol>\r\n<p class=\"MsoNormal\" style=\"margin-bottom: .0001pt;\"><span lang=\"CS\" style=\"font-family: \'Arial\',\'sans-serif\';\">&nbsp;</span></p>\r\n<p class=\"MsoNormal\" style=\"margin-bottom: .0001pt;\"><span lang=\"CS\" style=\"font-family: \'Arial\',\'sans-serif\';\">Jednotlivci muži - para:</span></p>\r\n<ol style=\"margin-top: 0cm;\" start=\"1\" type=\"1\">\r\n<li class=\"MsoNormal\" style=\"margin-bottom: .0001pt; mso-list: l0 level1 lfo3;\"><span lang=\"CS\" style=\"font-family: \'Arial\',\'sans-serif\';\">Ren&eacute; Tau&scaron; (SKST Liberec)</span></li>\r\n<li class=\"MsoNormal\" style=\"margin-bottom: .0001pt; mso-list: l0 level1 lfo3;\"><span lang=\"CS\" style=\"font-family: \'Arial\',\'sans-serif\';\">Vladim&iacute;r Kadl&iacute;k (SK Moravia Brno)</span></li>\r\n<li class=\"MsoNormal\" style=\"margin-bottom: .0001pt; mso-list: l0 level1 lfo3;\"><span lang=\"CS\" style=\"font-family: \'Arial\',\'sans-serif\';\">Jaroslav Hadrava (Sokol Lhůta)</span></li>\r\n</ol>\r\n<p class=\"MsoNormal\" style=\"margin-bottom: .0001pt;\"><span lang=\"CS\" style=\"font-family: \'Arial\',\'sans-serif\';\">&nbsp;</span></p>\r\n<p class=\"MsoNormal\" style=\"margin-bottom: .0001pt;\"><span lang=\"CS\" style=\"font-family: \'Arial\',\'sans-serif\';\">Čtyřhra - Open:</span></p>\r\n<ol style=\"margin-top: 0cm;\" start=\"1\" type=\"1\">\r\n<li class=\"MsoNormal\" style=\"margin-bottom: .0001pt; mso-list: l5 level1 lfo4;\"><span lang=\"CS\" style=\"font-family: \'Arial\',\'sans-serif\';\">Ren&eacute; Tau&scaron; - Jiř&iacute; Such&aacute;nek (SKST Liberec)</span></li>\r\n<li class=\"MsoNormal\" style=\"margin-bottom: .0001pt; mso-list: l5 level1 lfo4;\"><span lang=\"CS\" style=\"font-family: \'Arial\',\'sans-serif\';\">Karel Zmrzl&yacute; - Vladim&iacute;r Kadl&iacute;k (SK Moravia Brno)</span></li>\r\n<li class=\"MsoNormal\" style=\"margin-bottom: .0001pt; mso-list: l5 level1 lfo4;\"><span lang=\"CS\" style=\"font-family: \'Arial\',\'sans-serif\';\">Martin Zvol&aacute;nek - Vratislav Hudeček (SKV Ostrava)</span></li>\r\n</ol>\r\n<p class=\"MsoNormal\" style=\"margin-bottom: .0001pt;\"><span lang=\"CS\" style=\"font-family: \'Arial\',\'sans-serif\';\">&nbsp;</span></p>\r\n<p class=\"MsoNormal\" style=\"margin-bottom: .0001pt;\"><span lang=\"CS\" style=\"font-family: \'Arial\',\'sans-serif\';\">Družstva - Open:</span></p>\r\n<ol style=\"margin-top: 0cm;\" start=\"1\" type=\"1\">\r\n<li class=\"MsoNormal\" style=\"margin-bottom: .0001pt; mso-list: l1 level1 lfo5;\"><span lang=\"CS\" style=\"font-family: \'Arial\',\'sans-serif\';\">Ren&eacute; Tau&scaron; - Jiř&iacute; Such&aacute;nek (SKST Liberec)</span></li>\r\n<li class=\"MsoNormal\" style=\"margin-bottom: .0001pt; mso-list: l1 level1 lfo5;\"><span lang=\"CS\" style=\"font-family: \'Arial\',\'sans-serif\';\">Jaroslav Hadrava - Petr Svato&scaron; (TJ Sokol Lhůta)</span></li>\r\n<li class=\"MsoNormal\" style=\"margin-bottom: .0001pt; mso-list: l1 level1 lfo5;\"><span lang=\"CS\" style=\"font-family: \'Arial\',\'sans-serif\';\">Karel Zmrzl&yacute; - Vladim&iacute;r Kadl&iacute;k (SK Moravia Brno)</span></li>\r\n</ol>\r\n<p class=\"MsoNormal\" style=\"margin-bottom: .0001pt;\"><span lang=\"CS\" style=\"font-family: \'Arial\',\'sans-serif\';\">&nbsp;</span></p>\r\n<p class=\"MsoNormal\" style=\"margin-bottom: .0001pt;\"><span lang=\"CS\" style=\"font-family: \'Arial\',\'sans-serif\';\">Open:</span></p>\r\n<ol style=\"margin-top: 0cm;\" start=\"1\" type=\"1\">\r\n<li class=\"MsoNormal\" style=\"margin-bottom: .0001pt; mso-list: l3 level1 lfo6;\"><span lang=\"CS\" style=\"font-family: \'Arial\',\'sans-serif\';\">Ren&eacute; Tau&scaron; (SKST Liberec)</span></li>\r\n<li class=\"MsoNormal\" style=\"margin-bottom: .0001pt; mso-list: l3 level1 lfo6;\"><span lang=\"CS\" style=\"font-family: \'Arial\',\'sans-serif\';\">Jaroslav Hadrava (TJ Sokol Lhůta)</span></li>\r\n<li class=\"MsoNormal\" style=\"margin-bottom: .0001pt; mso-list: l3 level1 lfo6;\"><span lang=\"CS\" style=\"font-family: \'Arial\',\'sans-serif\';\">Jiř&iacute; Such&aacute;nek (SKST Liberec)</span></li>\r\n</ol>\r\n<p class=\"MsoNormal\" style=\"margin-top: 0cm; margin-right: 0cm; margin-bottom: .0001pt; margin-left: 36.0pt;\"><span lang=\"CS\" style=\"font-family: \'Arial\',\'sans-serif\';\">Jiř&iacute; Ž&aacute;k (SK Moravia Brno)</span></p>\r\n<p class=\"MsoNormal\" style=\"margin-top: 0cm; margin-right: 0cm; margin-bottom: .0001pt; margin-left: 18.0pt;\"><span lang=\"CS\" style=\"font-family: \'Arial\',\'sans-serif\';\">&nbsp;</span></p>\r\n<p class=\"MsoNormal\" style=\"margin-bottom: .0001pt;\"><span lang=\"CS\" style=\"font-family: \'Arial\',\'sans-serif\';\">&nbsp;</span></p>\r\n<p class=\"MsoNormal\" style=\"margin-bottom: .0001pt;\"><span lang=\"CS\" style=\"font-family: \'Arial\',\'sans-serif\';\">Děkujeme v&scaron;em, kteř&iacute; n&aacute;m projevili podporu v jak&eacute;koli podobě. Bez t&eacute;to pomoci by nebylo možn&eacute; Mistrovstv&iacute; uspoř&aacute;dat.</span></p>\r\n<p class=\"MsoNormal\" style=\"margin-bottom: .0001pt;\"><span lang=\"CS\" style=\"font-family: \'Arial\',\'sans-serif\';\">Brožura ke stažen&iacute;&nbsp;</span><a href=\"downloads/Zpravodaj_2014_A5-náhled_03.pdf\">zde</a>.</p>\r\n<p class=\"MsoNormal\" style=\"margin-bottom: .0001pt;\"><span lang=\"CS\" style=\"font-family: \'Arial\',\'sans-serif\';\">&nbsp;</span></p>\r\n<p class=\"MsoNormal\" style=\"margin-bottom: 0.0001pt; text-align: center;\"><span lang=\"CS\" style=\"font-family: \'Arial\',\'sans-serif\';\">Jiř&iacute; Pleva</span></p>\r\n<p class=\"MsoNormal\" style=\"margin-bottom: 0.0001pt; text-align: center;\"><span lang=\"CS\" style=\"font-family: \'Arial\',\'sans-serif\';\">ředitel MČR 2014 a</span></p>\r\n<p class=\"MsoNormal\" style=\"margin-bottom: 0.0001pt; text-align: center;\"><span lang=\"CS\" style=\"font-family: \'Arial\',\'sans-serif\';\">m&iacute;stopředseda SKV Ostrava</span></p>\r\n<p class=\"MsoNormal\" style=\"margin-bottom: 0.0001pt; text-align: center;\"><span lang=\"CS\" style=\"font-family: \'Arial\',\'sans-serif\';\">Varensk&aacute; 3098/40a</span></p>\r\n<p class=\"MsoNormal\" style=\"margin-bottom: 0.0001pt; text-align: center;\"><span lang=\"CS\" style=\"font-family: \'Arial\',\'sans-serif\';\">702 00 Ostrava</span></p>\r\n<p class=\"MsoNormal\" style=\"margin-bottom: 0.0001pt; text-align: center;\"><span lang=\"CS\" style=\"font-family: \'Arial\',\'sans-serif\';\">mobil: 602&nbsp;349&nbsp;845</span></p>\r\n<p class=\"MsoNormal\" style=\"margin-bottom: 0.0001pt; text-align: center;\"><span lang=\"CS\" style=\"font-family: \'Arial\',\'sans-serif\';\">E-mail: orry2@volny.cz</span></p>\r\n<p>&nbsp;</p>',	'0000-00-00 00:00:00',	NULL),
(10,	'MCR-2015',	'Mistrovstvi 2015',	'<p></p>\r\n<center><strong>Mistrovstv&iacute; ČR ve stoln&iacute;m tenise vozičk&aacute;řů<br />Ostrava<br />4.-6.2015</strong></center><center></center><center>',	'2016-02-14 20:40:23',	NULL),
(11,	'MODEL',	'Projekt MODEL',	'<p align=\"center\">Projekt <font color=\"blue\">MODEL</font> = <font color=\"blue\">M</font>obility <font color=\"blue\">O</font>pportunities for <font color=\"blue\">D</font>isabl<font color=\"blue\">E</font>d <font color=\"blue\">L</font>earners<br /> Př&iacute;ležitosti mobilit pro handicapovan&eacute;</p>\n<p><br /> Projekt byl předložen do V&yacute;zvy roku 2009 v r&aacute;mci programu Grundtig &ndash; Projekty partnerstv&iacute;.<br /> <br /> <strong>Partneři projektu:</strong><br /> Nevl&aacute;dn&iacute; organizace COOS Marche ONLUS (Ancona, It&aacute;lie) &ndash; vedouc&iacute; partner projektu<br /> Neziskov&aacute; organizace SKV Ostrava (ČR)<br /> Rodičovsk&eacute; sdružen&iacute; APPACDM de Marinha Grande (Marinha Grande, Portugalsko)<br /> Neziskov&aacute; organizace The Church of England Children&acute;s Society (Lond&yacute;n, Velk&aacute; Brit&aacute;nie)<br /> Instituce pro studenty se zvl&aacute;&scaron;tn&iacute;mi potřebami: Hasan Tashin Is Okulu (Izmir, Turecko)<br /> Instituce pro studenty se zvl&aacute;&scaron;tn&iacute;mi potřebami: Keskuspuiston ammattiopisto (Helsinki, Finsko)<br /> <br /> Partnerstv&iacute; je tvořeno veřejn&yacute;mi a soukrom&yacute;mi organizacemi, kter&eacute; maj&iacute; nějakou souvislost s postižen&yacute;mi. V&scaron;echny organizace jsou př&iacute;mo nebo nepř&iacute;mo ř&iacute;zen&yacute;mi centry/institucemi pro postižen&eacute; lidi, a proto mohou garantovat aktivn&iacute; &uacute;čast postižen&yacute;ch &uacute;častn&iacute;ků v mobilit&aacute;ch projektu.<br /> <br /> <strong>Stručn&yacute; obsah</strong><br /> Projekt postižen&yacute;m &uacute;častn&iacute;kům nab&iacute;dnul př&iacute;ležitost zahraničn&iacute;ch mobilit, kde se mohli z&uacute;častnit uměleck&yacute;ch a technicky zaměřen&yacute;ch aktivit v chr&aacute;něn&eacute;m prostřed&iacute;.<br /> Tato zku&scaron;enost zlep&scaron;ila jejich samostatnost, dala jim odvahu k tomu, aby čelili nov&yacute;m situac&iacute;m, a tak&eacute; to pro ně byla v&yacute;zva &ndash; &uacute;častnit se něčeho nov&eacute;ho než na co byli zvykl&iacute;. Vykon&aacute;van&eacute; aktivity, kter&eacute; jsou schopni dělat ostatn&iacute;, je motivovali k tomu, aby to tak&eacute; zkusili.<br /> <br /> Mobility byly určeny i pro asistenty/manžele/partnery postižen&yacute;ch &uacute;častn&iacute;ků. Tv&aacute;ř&iacute; v tv&aacute;ř různ&yacute;m skutečnostem ať už jazykov&yacute;m nebo kulturn&iacute;m, byli stimulov&aacute;ni a motivov&aacute;ni k roz&scaron;&iacute;řen&iacute; jejich pohledu na postižen&eacute;. Zjistili metody, jak&eacute; použ&iacute;vaj&iacute; ostatn&iacute; a tak&eacute; se zlep&scaron;ili ve sv&yacute;ch dovednostech.<br /> <br /> Obecn&yacute; c&iacute;l projektu spoč&iacute;val v nab&iacute;dnut&iacute; neform&aacute;ln&iacute;ch vzděl&aacute;vac&iacute;ch př&iacute;ležitost&iacute; vět&scaron;&iacute; skupině &uacute;častn&iacute;ků skrze jejich aktivity, kter&yacute;mi přispěli v mobilit&aacute;ch projektu.<br /> <br /> <strong>Partnerstv&iacute; a distribuce &uacute;kolů</strong><br /> Každ&yacute; partner se zav&aacute;zal k tomu, že zahrne postižen&eacute; &uacute;častn&iacute;ky a vychovatele do pl&aacute;novan&yacute;ch aktivit a zajist&iacute;, aby v&scaron;echny jejich potřeby/n&aacute;vrhy/př&aacute;n&iacute; byly zv&aacute;ženy, tak aby se stali hlavn&iacute;mi postavami projektu.<br /> Každ&yacute; partner zahrnul do projektu i rodiče/asistenty/partnery a pokusil se povzbudit je ve spolupr&aacute;ci na mobilit&aacute;ch.<br /> Každ&yacute; partner tak&eacute; zahrnul i m&iacute;stn&iacute; společenstv&iacute; (toto je limitovan&eacute; konkr&eacute;tn&iacute;mi možnostmi každ&eacute;ho partnera), aby se projekt zviditelnil, a zorganizoval tiskovou konferenci při př&iacute;ležitosti setk&aacute;n&iacute; partnerů v jejich zemi.<br /> <br /> <strong>Hodnocen&iacute;</strong><br /> Splněn&iacute; c&iacute;lů partnerstv&iacute; s jeho specifick&yacute;mi &uacute;koly bylo hodnoceno v r&aacute;mci stupně uspokojen&iacute; v&scaron;ech &uacute;častn&iacute;ků.<br /> Hodnot&iacute;c&iacute; strategie navrhovala použ&iacute;t n&aacute;sleduj&iacute;c&iacute; metody a prostředky:<br /> 1. Metoda &bdquo;spolu&uacute;čast na sledov&aacute;n&iacute;&ldquo; &ndash; porozuměn&iacute; pocitům postižen&yacute;ch &uacute;častn&iacute;ků. Toto sest&aacute;v&aacute; ze sledov&aacute;n&iacute; &uacute;častn&iacute;ků během prob&iacute;haj&iacute;c&iacute;ch aktivit a identifikov&aacute;n&iacute; př&iacute;padn&yacute;ch negativn&iacute;ch pocitů, odporu, netrpělivosti, nebo naopak &scaron;těst&iacute; a uvolněn&iacute;. Tyto dojmy byly seps&aacute;ny a analyzov&aacute;ny společně s vychovateli. Toto byla důležit&aacute; zpětn&aacute; vazba, kter&aacute; se použila k dal&scaron;&iacute;mu vylep&scaron;en&iacute; projektu v dal&scaron;&iacute;ch aktivit&aacute;ch.<br /> 2. Strukturovan&eacute; dotazn&iacute;ky ke zji&scaron;těn&iacute; jak jsou s v&yacute;sledky projektu spokojeni rodiče a vychovatel&eacute;. Dotazn&iacute;ky měly otevřenou formu, byl tam tedy prostor pro postřehy, koment&aacute;ře, n&aacute;vrhy, kritiku, což byla dal&scaron;&iacute; forma zpětn&eacute; vazby &uacute;častn&iacute;ků.<br /> <br /> Aby bylo garantov&aacute;no splněn&iacute; aktivit se stanoven&yacute;mi c&iacute;li, koordin&aacute;toři se sch&aacute;zeli a v r&aacute;mci každ&eacute; mobility věnovali č&aacute;st diskuse k monitorov&aacute;n&iacute; v&yacute;voje projektu a k napraven&iacute; př&iacute;padn&yacute;ch odchylek od původn&iacute;ho pl&aacute;nu. Dotazn&iacute;k za &uacute;čelem zji&scaron;těn&iacute; spokojenosti koordin&aacute;torů s veden&iacute;m, spolupr&aacute;c&iacute;, intern&iacute;mi vztahy a pracovn&iacute;mi postupy byl vyplňov&aacute;n na každ&eacute;m jedn&aacute;n&iacute;. Anal&yacute;za těchto dotazn&iacute;ků uk&aacute;zala kritick&aacute; m&iacute;sta, kter&aacute; si zasloužila pozornost a dal&scaron;&iacute; rozhodnut&iacute;.<br /> <br /> <strong>Aktivn&iacute; zapojen&iacute;</strong><br /> Projekt byl zcela založen na aktivn&iacute; spolupr&aacute;ci &uacute;častn&iacute;ků, jmenovitě postižen&yacute;ch &uacute;častn&iacute;ků, jejich rodičů a vychovatelů. Postižen&iacute; &uacute;častn&iacute;ci byli př&iacute;m&aacute; c&iacute;lov&aacute; skupina a byli aktivně zapojeni do každ&eacute; f&aacute;ze projektu, jak do př&iacute;pravy aktivit spojen&yacute;ch se zahraničn&iacute;mi mobilitami (aktivity jako pozn&aacute;n&iacute; partnersk&eacute; země, vytvořen&iacute; předmětů, kreseb, pomůcek k nab&iacute;dnut&iacute; dal&scaron;&iacute;m zem&iacute;m, učen&iacute; p&aacute;r z&aacute;kladn&iacute;ch vět v ciz&iacute;m jazyce &hellip;), tak do př&iacute;pravy aktivit jako hostitelsk&aacute; země v jejich m&iacute;stě působen&iacute;.<br /> <br /> <img src=\"imgs/projektyEU/model_tabulka.jpg\" alt=\"\" /></p>',	'2015-12-17 15:03:48',	NULL),
(12,	'PROD',	'Projekt PROD',	'<strong>O projektu</strong><br />\r\n                        <br />\r\n                        Profesní orientace hendikepovaných osob – mezinárodní projekt<br />\r\n                        <br />\r\n                        V tomto roce se SKV Ostrava stal partnerem mezinárodního projektu „Profesní orientace hendikepovaných osob“, jehož iniciátorem je turecká organizace z asijské části Turecka – města Kahramanmaraš.<br /> \r\n                        Projekt „Profesní orientace hendikepovaných osob“ se zaměřuje na praktické pracovní uplatňování hendikepovaných osob. Měl by mapovat problematiku profesní přípravy mládeže i dospělých. Projekt je financovaný z programu Celoživotního učení – Leonardo da Vinci a účastní se ho partneři ze 7 zemí (Turecka, Španělska, Itálie, Bulharska, Velké Británie, Polska, Rumunska a České republiky).<br />  \r\n                        Sportovní klub vozíčkářů využije dlouholeté spolupráce s občanským sdružením Trianon, které zaměstnává hendikepované osoby a zajišťuje již řadu let provoz chráněné dílny. Společně vypracovaná analýza bude zahrnovat konkrétní problematiku zaměstnávání hendikepovaných osob, jejich vzdělávacích potřeb a individuálních možností profesního rozvoje. Analýza také podrobně zmapuje legislativu podporující zaměstnávání a vzdělávání vedoucí k profesnímu změření hendikepovaných osob. Na problematiku se tedy podívá z pohledu cílové skupiny i z širšího legislativního rámce.<br /> \r\n                        Zdejší situaci všichni vesměs známe, nicméně zajímavé bude srovnání s partnerskými zeměmi. Protože podobné aktivity proběhnou také na úrovni všech partnerských organizací.<br /> \r\n                        Celkovým výstupem projektu budou dvě publikace shrnující poznatky z jednotlivých zemí. První z nich bude vydána v podobě příručky „Profesní orientace hendikepovaných“, druhá pak shrne veškeré fungující příklady dobré praxe, jež poslouží k vzájemné inspiraci zúčastněných organizací, jejich členů i široké veřejnosti zabývající se tímto tématem.<br />\r\n                        <br />\r\n',	'0000-00-00 00:00:00',	NULL);


-- --------------------------------------------------------

DROP TABLE IF EXISTS `photogallery`;

CREATE TABLE `photogallery` (
  `gallery_id` int(11) NOT NULL AUTO_INCREMENT,
  `title` varchar(255) COLLATE utf8_czech_ci NOT NULL,
  `description` varchar(255) COLLATE utf8_czech_ci NOT NULL,
  `starting_date` date NOT NULL,
  `ending_date` date NOT NULL,
  `welcome_image_id` int(11) DEFAULT NULL,
  `type` int(11) NOT NULL,
  PRIMARY KEY (`gallery_id`),
  KEY `welcome_image_id` (`welcome_image_id`)
) ENGINE=InnoDB AUTO_INCREMENT=122 DEFAULT CHARSET=utf8 COLLATE=utf8_czech_ci;

INSERT INTO `photogallery` (`gallery_id`, `title`, `description`, `starting_date`, `ending_date`, `welcome_image_id`, `type`) VALUES
(1,	'Brno',	'',	'2015-11-11',	'0000-00-00',	74,	0),
(2,	'Mistrovství české republiky ve stolním tenise vozíčkářů Ostrava',	'',	'2010-05-31',	'2010-06-03',	8,	0),
(82,	'Mistrovství České republiky ve stolním tenise vozíčkářů Ostrava',	'',	'2011-05-31',	'2011-06-03',	47,	0),
(83,	'Mistrovství České republiky ve stolním tenise vozíčkářů Ostrava',	'',	'2012-05-31',	'2012-05-31',	8,	0),
(84,	'Mezinárodní turnaj v Chebu',	'',	'2013-06-29',	'2013-06-29',	8,	0),
(85,	'Liberec',	'',	'2013-06-15',	'2013-06-15',	8,	0),
(86,	'Klatovy',	'',	'2013-04-13',	'2013-04-13',	8,	0),
(87,	'Mohelnice',	'',	'2013-04-27',	'2013-04-27',	8,	0),
(88,	'Plzeň ',	'',	'2013-08-31',	'2013-08-31',	8,	0),
(89,	'Praha',	'',	'2013-09-21',	'2013-09-21',	8,	0),
(90,	'Czech open Ostrava',	'',	'2013-09-13',	'2013-09-13',	8,	0),
(91,	'Pardubice',	'',	'2013-10-19',	'2013-10-19',	8,	0),
(92,	'Brno',	'',	'2013-11-19',	'2013-11-19',	8,	0),
(93,	'Mistrovství ČR ve stolním tenise vozičkářů, Ostrava',	'',	'2014-05-22',	'2014-05-25',	8,	0),
(94,	'Soustředění  Várenská',	'',	'2014-06-27',	'2014-06-29',	8,	0),
(95,	'Praha',	'',	'2014-09-20',	'2014-09-20',	8,	0),
(96,	'Plzeň',	'',	'2014-08-30',	'2014-08-30',	88,	0),
(97,	'Mistrovství České republiky ve stolním tenise vozíčkářů',	'',	'2013-05-17',	'2013-05-18',	8,	0),
(98,	'Turnaj v Opavě',	'',	'2015-02-28',	'2015-02-28',	8,	0),
(99,	'Klatovy',	'',	'2015-04-14',	'2015-04-14',	89,	0),
(100,	'Mohelnice',	'',	'2015-04-25',	'2015-04-25',	83,	0),
(101,	'Lomnice ',	'',	'2015-05-23',	'2015-05-23',	80,	0),
(102,	'Cheb ',	'',	'2015-06-27',	'2015-06-27',	79,	0),
(103,	'Mistrovství České republiky ve stolním tenise vozíčkářů Ostrava',	'',	'2015-06-05',	'2015-06-06',	77,	0),
(104,	'Plzeň',	'',	'2015-08-29',	'2015-08-29',	69,	0),
(105,	'Praha',	'',	'2015-09-10',	'2015-09-19',	16,	0),
(110,	'Olomouc',	'',	'2016-08-20',	'2016-09-15',	109,	0),
(119,	'galerie',	'',	'2015-08-20',	'2015-08-20',	84,	0),
(121,	'morava',	'',	'2015-08-20',	'2015-09-20',	116,	0);


-- THE END
